<?xml version="1.0" encoding="UTF-8" standalone="no"?><contatti><contatto><nome>Alfonso</nome><cognome>Giroldi</cognome><nTel>3729473298</nTel></contatto><contatto><nome>Pepe</nome><cognome>Monka</cognome><nTel>555-0101</nTel></contatto><contatto><nome>Gustavo</nome><cognome>LaBrogna</cognome><nTel>555-9383</nTel></contatto><contatto><nome>Gennaro</nome><cognome>Mastrota</cognome><nTel>555-9383</nTel></contatto><contatto><nome>Gaetano</nome><cognome>Scandale</cognome><nTel>555-9383</nTel></contatto></contatti>